flag_country,year,quarter,month,area,species,fishing_activity_category_national,fishing_activity_category_eu_l6,harbour,official_landings_weight,official_landings_value
ITA,2020,4,12,GSA18,HKE,NK,OTB_DEF_>=40_0_0,NK,89707.57,543281.75
ITA,2020,4,12,GSA18,HKE,NK,PTM_SPF_>=20_0_0,NK,10,60.6
ITA,2020,4,10,GSA18,HKE,NK,PTM_SPF_>=20_0_0,NK,10,64
ITA,2020,3,8,GSA18,HKE,NK,PTM_SPF_>=20_0_0,NK,80,391.2
ITA,2020,2,6,GSA18,HKE,NK,PTM_SPF_>=20_0_0,NK,14,88.06
ITA,2020,2,5,GSA18,HKE,NK,PTM_SPF_>=20_0_0,NK,45,280.8
ITA,2020,2,4,GSA18,HKE,NK,PTM_SPF_>=20_0_0,NK,50,309.5
ITA,2020,1,3,GSA18,HKE,NK,PTM_SPF_>=20_0_0,NK,25,154.75
ITA,2020,1,2,GSA18,HKE,NK,PTM_SPF_>=20_0_0,NK,51,327.93
ITA,2020,1,1,GSA18,HKE,NK,PTM_SPF_>=20_0_0,NK,47,305.97
ITA,2020,4,12,GSA18,HKE,NK,OTB_MDD_>=40_0_0,NK,4579.61,28137.97
ITA,2020,4,11,GSA18,HKE,NK,OTB_MDD_>=40_0_0,NK,3239.39,18681.86
ITA,2020,4,10,GSA18,HKE,NK,OTB_MDD_>=40_0_0,NK,2405.6,14360.32
ITA,2020,3,9,GSA18,HKE,NK,OTB_MDD_>=40_0_0,NK,1611,8905.36
ITA,2020,3,8,GSA18,HKE,NK,OTB_MDD_>=40_0_0,NK,8248.1,36491.98
ITA,2020,3,7,GSA18,HKE,NK,OTB_MDD_>=40_0_0,NK,11087.85,59337.3
ITA,2020,2,6,GSA18,HKE,NK,OTB_MDD_>=40_0_0,NK,8894.15,46112.74
ITA,2020,2,5,GSA18,HKE,NK,OTB_MDD_>=40_0_0,NK,1560,8180.38
ITA,2020,2,4,GSA18,HKE,NK,OTB_MDD_>=40_0_0,NK,983,5178.77
ITA,2020,1,3,GSA18,HKE,NK,OTB_MDD_>=40_0_0,NK,1806,9151.32
ITA,2020,1,2,GSA18,HKE,NK,OTB_MDD_>=40_0_0,NK,5188,26640.99
ITA,2020,1,1,GSA18,HKE,NK,OTB_MDD_>=40_0_0,NK,6130,30137.16
ITA,2020,4,12,GSA18,HKE,NK,OTB_DWS_>=40_0_0,NK,2125,12897.12
ITA,2020,4,11,GSA18,HKE,NK,OTB_DWS_>=40_0_0,NK,571.5,3424.06
ITA,2020,4,10,GSA18,HKE,NK,OTB_DWS_>=40_0_0,NK,799.5,4774.4
ITA,2020,3,9,GSA18,HKE,NK,OTB_DWS_>=40_0_0,NK,643.44,3839.82
ITA,2020,3,8,GSA18,HKE,NK,OTB_DWS_>=40_0_0,NK,3074.68,13540.25
ITA,2020,3,7,GSA18,HKE,NK,OTB_DWS_>=40_0_0,NK,3102.09,16001.68
ITA,2020,2,6,GSA18,HKE,NK,OTB_DWS_>=40_0_0,NK,116.3,623.64
ITA,2020,2,5,GSA18,HKE,NK,OTB_DWS_>=40_0_0,NK,36,224.64
ITA,2020,2,4,GSA18,HKE,NK,OTB_DWS_>=40_0_0,NK,126.58,615.85
ITA,2020,1,3,GSA18,HKE,NK,OTB_DWS_>=40_0_0,NK,145,735.44
ITA,2020,1,2,GSA18,HKE,NK,OTB_DWS_>=40_0_0,NK,325.42,1633.84
ITA,2020,1,1,GSA18,HKE,NK,OTB_DWS_>=40_0_0,NK,484,2287.83
ITA,2020,4,11,GSA18,HKE,NK,OTB_DEF_>=40_0_0,NK,98306.28,577346.91
ITA,2020,4,10,GSA18,HKE,NK,OTB_DEF_>=40_0_0,NK,99670.15,597649.27
ITA,2020,3,9,GSA18,HKE,NK,OTB_DEF_>=40_0_0,NK,61717.35,346516.78
ITA,2020,3,8,GSA18,HKE,NK,OTB_DEF_>=40_0_0,NK,23484.85,94728.12
ITA,2020,3,7,GSA18,HKE,NK,OTB_DEF_>=40_0_0,NK,73503.78,379017.92
ITA,2020,2,6,GSA18,HKE,NK,OTB_DEF_>=40_0_0,NK,111410.87,579209.18
ITA,2020,2,5,GSA18,HKE,NK,OTB_DEF_>=40_0_0,NK,94631.6,502652.4
ITA,2020,2,4,GSA18,HKE,NK,OTB_DEF_>=40_0_0,NK,79893.38,412145.02
ITA,2020,1,3,GSA18,HKE,NK,OTB_DEF_>=40_0_0,NK,65479.32,340418.83
ITA,2020,1,2,GSA18,HKE,NK,OTB_DEF_>=40_0_0,NK,83080.05,432186.9
ITA,2020,1,1,GSA18,HKE,NK,OTB_DEF_>=40_0_0,NK,138284.95,698719.88
ITA,2020,4,12,GSA18,HKE,NK,LLS_DEF_0_0_0,NK,11880,74278.26
ITA,2020,4,11,GSA18,HKE,NK,LLS_DEF_0_0_0,NK,18530.4,115559.77
ITA,2020,4,10,GSA18,HKE,NK,LLS_DEF_0_0_0,NK,17618.4,116931.83
ITA,2020,3,9,GSA18,HKE,NK,LLS_DEF_0_0_0,NK,15750.2,97923.2
ITA,2020,3,8,GSA18,HKE,NK,LLS_DEF_0_0_0,NK,20879.4,145848.32
ITA,2020,3,7,GSA18,HKE,NK,LLS_DEF_0_0_0,NK,30446.5,207031.92
ITA,2020,2,6,GSA18,HKE,NK,LLS_DEF_0_0_0,NK,39770.75,260839.82
ITA,2020,2,5,GSA18,HKE,NK,LLS_DEF_0_0_0,NK,26743.51,180334.4
ITA,2020,2,4,GSA18,HKE,NK,LLS_DEF_0_0_0,NK,31323.95,194661.08
ITA,2020,1,3,GSA18,HKE,NK,LLS_DEF_0_0_0,NK,14948,100374.12
ITA,2020,1,2,GSA18,HKE,NK,LLS_DEF_0_0_0,NK,15943.3,110220.06
ITA,2020,1,1,GSA18,HKE,NK,LLS_DEF_0_0_0,NK,20997.7,144683.07
ITA,2020,4,11,GSA18,HKE,NK,GTR_DEF_>=16_0_0,NK,361,2194.88
ITA,2020,4,10,GSA18,HKE,NK,GTR_DEF_>=16_0_0,NK,109,624.57
ITA,2020,3,9,GSA18,HKE,NK,GTR_DEF_>=16_0_0,NK,713,3365.36
ITA,2020,3,8,GSA18,HKE,NK,GTR_DEF_>=16_0_0,NK,34,174.76
ITA,2020,2,6,GSA18,HKE,NK,GTR_DEF_>=16_0_0,NK,37,268.25
ITA,2020,2,5,GSA18,HKE,NK,GTR_DEF_>=16_0_0,NK,37,271.21
ITA,2020,2,4,GSA18,HKE,NK,GTR_DEF_>=16_0_0,NK,56,280
ITA,2020,1,3,GSA18,HKE,NK,GTR_DEF_>=16_0_0,NK,9,46.62
ITA,2020,1,2,GSA18,HKE,NK,GTR_DEF_>=16_0_0,NK,19,93.29
ITA,2020,3,8,GSA18,HKE,NK,GNS_DEF_>=16_0_0,NK,124,775
ITA,2020,3,7,GSA18,HKE,NK,GNS_DEF_>=16_0_0,NK,333,2138.85
ITA,2020,2,6,GSA18,HKE,NK,GNS_DEF_>=16_0_0,NK,327,2351.13
ITA,2020,2,4,GSA18,HKE,NK,GNS_DEF_>=16_0_0,NK,20,111
ITA,2020,1,3,GSA18,HKE,NK,GNS_DEF_>=16_0_0,NK,5,26.5
ITA,2020,1,2,GSA18,HKE,NK,GNS_DEF_>=16_0_0,NK,36,187.42
ITA,2020,1,1,GSA18,HKE,NK,SV_DEF_0_0_0,NK,30,157.5
ITA,2019,3,8,GSA18,HKE,NK,MISC,NK,105,1108.28
ITA,2019,2,5,GSA18,HKE,NK,GNS_DEF_>=16_0_0,NK,50.32,555.19
ITA,2019,2,4,GSA18,HKE,NK,GNS_DEF_>=16_0_0,NK,25.16,285.33
ITA,2019,1,3,GSA18,HKE,NK,GNS_DEF_>=16_0_0,NK,17.46,180.41
ITA,2019,4,12,GSA18,HKE,NK,PTM_SPF_>=20_0_0,NK,75.43,350.07
ITA,2019,4,12,GSA18,HKE,NK,OTB_MDD_>=40_0_0,NK,8507.22,40707.82
ITA,2019,4,11,GSA18,HKE,NK,OTB_MDD_>=40_0_0,NK,3642.11,16746.78
ITA,2019,4,10,GSA18,HKE,NK,OTB_MDD_>=40_0_0,NK,4932.85,22174.05
ITA,2019,3,9,GSA18,HKE,NK,OTB_MDD_>=40_0_0,NK,3922.96,20002.21
ITA,2019,3,8,GSA18,HKE,NK,OTB_MDD_>=40_0_0,NK,12302.04,54540.9
ITA,2019,3,7,GSA18,HKE,NK,OTB_MDD_>=40_0_0,NK,14528.19,77706.42
ITA,2019,2,6,GSA18,HKE,NK,OTB_MDD_>=40_0_0,NK,19506.24,101349.49
ITA,2019,2,5,GSA18,HKE,NK,OTB_MDD_>=40_0_0,NK,7024.37,34928.28
ITA,2019,2,4,GSA18,HKE,NK,OTB_MDD_>=40_0_0,NK,3953.77,21088.45
ITA,2019,1,3,GSA18,HKE,NK,OTB_MDD_>=40_0_0,NK,45254.23,229942.24
ITA,2019,1,2,GSA18,HKE,NK,OTB_MDD_>=40_0_0,NK,27910.46,143992.69
ITA,2019,1,1,GSA18,HKE,NK,OTB_MDD_>=40_0_0,NK,32878,144915.66
ITA,2019,4,12,GSA18,HKE,NK,OTB_DWS_>=40_0_0,NK,602.98,2664.03
ITA,2019,4,11,GSA18,HKE,NK,OTB_DWS_>=40_0_0,NK,324.82,1374.68
ITA,2019,4,10,GSA18,HKE,NK,OTB_DWS_>=40_0_0,NK,209.25,977.3
ITA,2019,3,9,GSA18,HKE,NK,OTB_DWS_>=40_0_0,NK,1152.19,5957.83
ITA,2019,3,8,GSA18,HKE,NK,OTB_DWS_>=40_0_0,NK,1066.25,5079.57
ITA,2019,3,7,GSA18,HKE,NK,OTB_DWS_>=40_0_0,NK,1783.31,9641.15
ITA,2019,2,6,GSA18,HKE,NK,OTB_DWS_>=40_0_0,NK,656.38,3689.88
ITA,2019,2,5,GSA18,HKE,NK,OTB_DWS_>=40_0_0,NK,628.12,2990.48
ITA,2019,2,4,GSA18,HKE,NK,OTB_DWS_>=40_0_0,NK,2527.2,13498.79
ITA,2019,1,3,GSA18,HKE,NK,OTB_DWS_>=40_0_0,NK,43428.75,221222.54
ITA,2019,1,2,GSA18,HKE,NK,OTB_DWS_>=40_0_0,NK,896.65,4252.16
ITA,2019,1,1,GSA18,HKE,NK,OTB_DWS_>=40_0_0,NK,29910.4,132172.6
ITA,2019,4,12,GSA18,HKE,NK,OTB_DEF_>=40_0_0,NK,72296.1,333489.99
ITA,2019,4,11,GSA18,HKE,NK,OTB_DEF_>=40_0_0,NK,106150.03,460185.35
ITA,2019,4,10,GSA18,HKE,NK,OTB_DEF_>=40_0_0,NK,74748.27,336657.97
ITA,2019,3,9,GSA18,HKE,NK,OTB_DEF_>=40_0_0,NK,48059.64,246962.78
ITA,2019,3,8,GSA18,HKE,NK,OTB_DEF_>=40_0_0,NK,15921.7,70614.76
ITA,2019,3,7,GSA18,HKE,NK,OTB_DEF_>=40_0_0,NK,69174.58,356335.87
ITA,2019,2,6,GSA18,HKE,NK,FPO_DEF_0_0_0,NK,31.44,336.45
ITA,2019,2,6,GSA18,HKE,NK,OTB_DEF_>=40_0_0,NK,134861.43,704090.41
ITA,2019,2,5,GSA18,HKE,NK,OTB_DEF_>=40_0_0,NK,146044.03,737036.2
ITA,2019,2,4,GSA18,HKE,NK,OTB_DEF_>=40_0_0,NK,151706.62,812878.8
ITA,2019,1,3,GSA18,HKE,NK,OTB_DEF_>=40_0_0,NK,167351.78,833959.82
ITA,2019,1,2,GSA18,HKE,NK,OTB_DEF_>=40_0_0,NK,91594.34,457278.48
ITA,2019,1,1,GSA18,HKE,NK,OTB_DEF_>=40_0_0,NK,136042.25,621770.23
ITA,2019,4,12,GSA18,HKE,NK,LLS_DEF_0_0_0,NK,8183.79,52216.98
ITA,2019,4,11,GSA18,HKE,NK,LLS_DEF_0_0_0,NK,25719.95,161635.86
ITA,2019,4,10,GSA18,HKE,NK,LLS_DEF_0_0_0,NK,15257.4,94214.64
ITA,2019,3,9,GSA18,HKE,NK,LLS_DEF_0_0_0,NK,11109.42,79487.38
ITA,2019,3,8,GSA18,HKE,NK,LLS_DEF_0_0_0,NK,12935.18,86137.84
ITA,2019,3,7,GSA18,HKE,NK,LLS_DEF_0_0_0,NK,21824.29,132351.07
ITA,2019,2,6,GSA18,HKE,NK,LLS_DEF_0_0_0,NK,34118.25,237378.47
ITA,2019,2,5,GSA18,HKE,NK,LLS_DEF_0_0_0,NK,31343.8,218215.74
ITA,2019,2,4,GSA18,HKE,NK,LLS_DEF_0_0_0,NK,28281.25,198495.08
ITA,2019,1,3,GSA18,HKE,NK,LLS_DEF_0_0_0,NK,19084.28,133336.44
ITA,2019,1,2,GSA18,HKE,NK,LLS_DEF_0_0_0,NK,14905.12,111806.93
ITA,2019,1,1,GSA18,HKE,NK,LLS_DEF_0_0_0,NK,11911.15,95596.04
ITA,2019,4,12,GSA18,HKE,NK,GTR_DEF_>=16_0_0,NK,8,60.8
ITA,2019,4,11,GSA18,HKE,NK,GTR_DEF_>=16_0_0,NK,46.33,359.16
ITA,2019,3,9,GSA18,HKE,NK,GTR_DEF_>=16_0_0,NK,75,683.01
ITA,2019,3,8,GSA18,HKE,NK,GTR_DEF_>=16_0_0,NK,159.29,1645.05
ITA,2019,3,7,GSA18,HKE,NK,GTR_DEF_>=16_0_0,NK,78.4,744.64
ITA,2019,2,6,GSA18,HKE,NK,GTR_DEF_>=16_0_0,NK,26.68,285.55
ITA,2019,2,5,GSA18,HKE,NK,GTR_DEF_>=16_0_0,NK,51.07,478.38
ITA,2019,2,4,GSA18,HKE,NK,GTR_DEF_>=16_0_0,NK,54.29,598.05
ITA,2019,1,3,GSA18,HKE,NK,GTR_DEF_>=16_0_0,NK,38.89,402.48
ITA,2019,1,2,GSA18,HKE,NK,GTR_DEF_>=16_0_0,NK,47.04,482.93
ITA,2019,4,12,GSA18,HKE,NK,GNS_DEF_>=16_0_0,NK,507.82,4109.44
ITA,2019,4,11,GSA18,HKE,NK,GNS_DEF_>=16_0_0,NK,515.11,4164.98
ITA,2019,4,10,GSA18,HKE,NK,GNS_DEF_>=16_0_0,NK,863.06,7117.29
ITA,2019,3,9,GSA18,HKE,NK,GNS_DEF_>=16_0_0,NK,1144.22,10728.46
ITA,2019,3,8,GSA18,HKE,NK,GNS_DEF_>=16_0_0,NK,1337.97,13547.06
ITA,2019,3,7,GSA18,HKE,NK,GNS_DEF_>=16_0_0,NK,704.98,7889.24
ITA,2019,2,6,GSA18,HKE,NK,GNS_DEF_>=16_0_0,NK,177.13,1895.53
ITA,2018,2,4,GSA18,HKE,NK,GNS_SLP_>=16_0_0,NK,47.67,257.42
ITA,2018,4,12,GSA18,HKE,NK,OTB_MDD_>=40_0_0,NK,10759.67,52639.94
ITA,2018,4,11,GSA18,HKE,NK,OTB_MDD_>=40_0_0,NK,6139.17,27686.55
ITA,2018,4,10,GSA18,HKE,NK,OTB_MDD_>=40_0_0,NK,4554.68,20369.35
ITA,2018,3,9,GSA18,HKE,NK,OTB_MDD_>=40_0_0,NK,3423.4,16746.99
ITA,2018,3,8,GSA18,HKE,NK,OTB_MDD_>=40_0_0,NK,11123.92,66575.93
ITA,2018,3,7,GSA18,HKE,NK,OTB_MDD_>=40_0_0,NK,14025.11,65160.27
ITA,2018,2,6,GSA18,HKE,NK,OTB_MDD_>=40_0_0,NK,18385.75,96140.2
ITA,2018,2,5,GSA18,HKE,NK,OTB_MDD_>=40_0_0,NK,11691.52,59331.02
ITA,2018,2,4,GSA18,HKE,NK,OTB_MDD_>=40_0_0,NK,7001.97,39471.5
ITA,2018,1,3,GSA18,HKE,NK,OTB_MDD_>=40_0_0,NK,5390.19,35825.33
ITA,2018,1,2,GSA18,HKE,NK,OTB_MDD_>=40_0_0,NK,3213.42,20456.21
ITA,2018,1,1,GSA18,HKE,NK,OTB_MDD_>=40_0_0,NK,1693.92,11446.67
ITA,2018,4,12,GSA18,HKE,NK,OTB_DWS_>=40_0_0,NK,2241.49,11120.9
ITA,2018,4,11,GSA18,HKE,NK,OTB_DWS_>=40_0_0,NK,725.6,3203.8
ITA,2018,4,10,GSA18,HKE,NK,OTB_DWS_>=40_0_0,NK,439.99,2269.86
ITA,2018,3,9,GSA18,HKE,NK,OTB_DWS_>=40_0_0,NK,218.89,1033.25
ITA,2018,3,8,GSA18,HKE,NK,OTB_DWS_>=40_0_0,NK,1363.9,8435.88
ITA,2018,3,7,GSA18,HKE,NK,OTB_DWS_>=40_0_0,NK,3016.22,14326.9
ITA,2018,2,6,GSA18,HKE,NK,OTB_DWS_>=40_0_0,NK,905.9,4790.39
ITA,2018,2,5,GSA18,HKE,NK,OTB_DWS_>=40_0_0,NK,553.48,2959.37
ITA,2018,2,4,GSA18,HKE,NK,OTB_DWS_>=40_0_0,NK,489.32,2861.62
ITA,2018,1,3,GSA18,HKE,NK,OTB_DWS_>=40_0_0,NK,688.51,4071.09
ITA,2018,1,2,GSA18,HKE,NK,OTB_DWS_>=40_0_0,NK,629.58,3960.37
ITA,2018,1,1,GSA18,HKE,NK,OTB_DWS_>=40_0_0,NK,1237.07,8548.39
ITA,2018,4,12,GSA18,HKE,NK,OTB_DEF_>=40_0_0,NK,139252.74,705134.04
ITA,2018,4,11,GSA18,HKE,NK,OTB_DEF_>=40_0_0,NK,195999.24,898908.79
ITA,2018,4,10,GSA18,HKE,NK,OTB_DEF_>=40_0_0,NK,175317.17,776492.17
ITA,2018,3,9,GSA18,HKE,NK,OTB_DEF_>=40_0_0,NK,36798.19,177433.43
ITA,2018,3,8,GSA18,HKE,NK,OTB_DEF_>=40_0_0,NK,63791.35,401706.66
ITA,2018,3,7,GSA18,HKE,NK,OTB_DEF_>=40_0_0,NK,106417.04,498930.15
ITA,2018,2,6,GSA18,HKE,NK,OTB_DEF_>=40_0_0,NK,125721.67,659208.14
ITA,2018,2,5,GSA18,HKE,NK,OTB_DEF_>=40_0_0,NK,152098.45,752891.56
ITA,2018,2,4,GSA18,HKE,NK,OTB_DEF_>=40_0_0,NK,145573.26,807720.32
ITA,2018,1,3,GSA18,HKE,NK,OTB_DEF_>=40_0_0,NK,149488.69,992497.94
ITA,2018,1,2,GSA18,HKE,NK,OTB_DEF_>=40_0_0,NK,106254.97,696570.14
ITA,2018,1,1,GSA18,HKE,NK,OTB_DEF_>=40_0_0,NK,143251.66,982876.02
ITA,2018,4,12,GSA18,HKE,NK,LLS_DEF_0_0_0,NK,48556.6,234173.63
ITA,2018,4,11,GSA18,HKE,NK,LLS_DEF_0_0_0,NK,27914.06,121370.72
ITA,2018,4,10,GSA18,HKE,NK,LLS_DEF_0_0_0,NK,22796.96,114270.43
ITA,2018,3,9,GSA18,HKE,NK,LLS_DEF_0_0_0,NK,36058.57,182456.36
ITA,2018,3,8,GSA18,HKE,NK,LLS_DEF_0_0_0,NK,25122.07,115549.76
ITA,2018,3,7,GSA18,HKE,NK,LLS_DEF_0_0_0,NK,42842.1,209494.66
ITA,2018,2,6,GSA18,HKE,NK,LLS_DEF_0_0_0,NK,34916.12,181961.01
ITA,2018,2,5,GSA18,HKE,NK,LLS_DEF_0_0_0,NK,31413.12,211985.95
ITA,2018,2,4,GSA18,HKE,NK,LLS_DEF_0_0_0,NK,33864.93,195224.08
ITA,2018,1,3,GSA18,HKE,NK,LLS_DEF_0_0_0,NK,14222.88,79860.75
ITA,2018,1,2,GSA18,HKE,NK,LLS_DEF_0_0_0,NK,12238.69,80574.51
ITA,2018,1,1,GSA18,HKE,NK,LLS_DEF_0_0_0,NK,4794.37,31720.97
ITA,2018,4,10,GSA18,HKE,NK,GTR_DEF_>=16_0_0,NK,36.75,402.05
ITA,2018,3,9,GSA18,HKE,NK,GTR_DEF_>=16_0_0,NK,6,29.58
ITA,2018,3,8,GSA18,HKE,NK,GTR_DEF_>=16_0_0,NK,24,121.44
ITA,2018,2,6,GSA18,HKE,NK,GTR_DEF_>=16_0_0,NK,60.5,453.75
ITA,2018,2,5,GSA18,HKE,NK,GTR_DEF_>=16_0_0,NK,19.24,166.81
ITA,2018,2,4,GSA18,HKE,NK,GTR_DEF_>=16_0_0,NK,30.19,362.58
ITA,2018,1,3,GSA18,HKE,NK,GTR_DEF_>=16_0_0,NK,19.25,192.5
ITA,2018,1,2,GSA18,HKE,NK,GTR_DEF_>=16_0_0,NK,37.5,185.25
ITA,2018,4,12,GSA18,HKE,NK,GNS_DEF_>=16_0_0,NK,525.6,5681.74
ITA,2018,4,11,GSA18,HKE,NK,GNS_DEF_>=16_0_0,NK,681.06,7743.65
ITA,2018,4,10,GSA18,HKE,NK,GNS_DEF_>=16_0_0,NK,1154.84,12518.47
ITA,2018,3,9,GSA18,HKE,NK,GNS_DEF_>=16_0_0,NK,1539.59,13577.89
ITA,2018,3,8,GSA18,HKE,NK,GNS_DEF_>=16_0_0,NK,1575.86,16377.95
ITA,2018,3,7,GSA18,HKE,NK,GNS_DEF_>=16_0_0,NK,1084.54,12294.3
ITA,2018,2,6,GSA18,HKE,NK,GNS_DEF_>=16_0_0,NK,1199.99,13062.75
ITA,2018,2,5,GSA18,HKE,NK,GNS_DEF_>=16_0_0,NK,1175.57,13554.81
ITA,2018,2,4,GSA18,HKE,NK,GNS_DEF_>=16_0_0,NK,917.95,10501.35
ITA,2018,1,3,GSA18,HKE,NK,GNS_DEF_>=16_0_0,NK,2209.07,27441.4
ITA,2018,1,2,GSA18,HKE,NK,GNS_DEF_>=16_0_0,NK,1585.41,19967.37
ITA,2018,1,1,GSA18,HKE,NK,GNS_DEF_>=16_0_0,NK,1705.11,18756.21
ITA,2017,1,1,GSA18,HKE,NK,OTB_DEF_>=40_0_0,NK,129338.97,664128.12
ITA,2017,4,12,GSA18,HKE,NK,OTB_MDD_>=40_0_0,NK,25670.99,128160.13
ITA,2017,4,11,GSA18,HKE,NK,OTB_MDD_>=40_0_0,NK,13693.97,83934.73
ITA,2017,4,10,GSA18,HKE,NK,OTB_MDD_>=40_0_0,NK,15202.71,69114.95
ITA,2017,3,9,GSA18,HKE,NK,OTB_MDD_>=40_0_0,NK,13205.85,59262.45
ITA,2017,3,8,GSA18,HKE,NK,OTB_MDD_>=40_0_0,NK,22895.1,153515.14
ITA,2017,3,7,GSA18,HKE,NK,OTB_MDD_>=40_0_0,NK,25531.18,137793.67
ITA,2017,2,6,GSA18,HKE,NK,OTB_MDD_>=40_0_0,NK,17551.3,99591.2
ITA,2017,2,5,GSA18,HKE,NK,OTB_MDD_>=40_0_0,NK,9215.59,44205.8
ITA,2017,2,4,GSA18,HKE,NK,OTB_MDD_>=40_0_0,NK,750.79,5349.8
ITA,2017,1,3,GSA18,HKE,NK,OTB_MDD_>=40_0_0,NK,5049.84,23319.71
ITA,2017,1,2,GSA18,HKE,NK,OTB_MDD_>=40_0_0,NK,6574.43,28136.59
ITA,2017,1,1,GSA18,HKE,NK,OTB_MDD_>=40_0_0,NK,15565.3,108062.61
ITA,2017,4,12,GSA18,HKE,NK,OTB_DWS_>=40_0_0,NK,470.2,1868.49
ITA,2017,1,2,GSA18,HKE,NK,OTB_DWS_>=40_0_0,NK,111.9,726.23
ITA,2017,4,12,GSA18,HKE,NK,OTB_DEF_>=40_0_0,NK,139832.84,818712.04
ITA,2017,4,11,GSA18,HKE,NK,OTB_DEF_>=40_0_0,NK,159742.29,782716.79
ITA,2017,4,10,GSA18,HKE,NK,OTB_DEF_>=40_0_0,NK,146209.76,792985.35
ITA,2017,3,9,GSA18,HKE,NK,OTB_DEF_>=40_0_0,NK,65533.14,365901.98
ITA,2017,3,8,GSA18,HKE,NK,OTB_DEF_>=40_0_0,NK,31861.08,194252.24
ITA,2017,3,7,GSA18,HKE,NK,OTB_DEF_>=40_0_0,NK,107287.15,576966.09
ITA,2017,2,6,GSA18,HKE,NK,OTB_DEF_>=40_0_0,NK,138579.65,736419.43
ITA,2017,2,5,GSA18,HKE,NK,OTB_DEF_>=40_0_0,NK,151678.4,815619.96
ITA,2017,2,4,GSA18,HKE,NK,OTB_DEF_>=40_0_0,NK,118141.19,650622.4
ITA,2017,1,3,GSA18,HKE,NK,OTB_DEF_>=40_0_0,NK,148195.76,804112.99
ITA,2017,1,2,GSA18,HKE,NK,OTB_DEF_>=40_0_0,NK,173865.54,958536.65
ITA,2017,4,12,GSA18,HKE,NK,LLS_DEF_0_0_0,NK,25542.79,178288.67
ITA,2017,4,11,GSA18,HKE,NK,LLS_DEF_0_0_0,NK,46369.02,282851.02
ITA,2017,4,10,GSA18,HKE,NK,LLS_DEF_0_0_0,NK,48996.76,330238.16
ITA,2017,3,9,GSA18,HKE,NK,LLS_DEF_0_0_0,NK,48813.48,322657.1
ITA,2017,3,8,GSA18,HKE,NK,LLS_DEF_0_0_0,NK,34297.74,224993.18
ITA,2017,3,7,GSA18,HKE,NK,LLS_DEF_0_0_0,NK,36443.2,236516.37
ITA,2017,2,6,GSA18,HKE,NK,LLS_DEF_0_0_0,NK,49087.7,320051.8
ITA,2017,2,5,GSA18,HKE,NK,LLS_DEF_0_0_0,NK,88058.28,579423.48
ITA,2017,2,4,GSA18,HKE,NK,LLS_DEF_0_0_0,NK,39632.61,258008.29
ITA,2017,1,3,GSA18,HKE,NK,LLS_DEF_0_0_0,NK,53208.75,340003.91
ITA,2017,1,2,GSA18,HKE,NK,LLS_DEF_0_0_0,NK,35169.57,228250.51
ITA,2017,1,1,GSA18,HKE,NK,LLS_DEF_0_0_0,NK,9168.64,58862.67
ITA,2017,4,11,GSA18,HKE,NK,GTR_DEF_>=16_0_0,NK,36.58,182.9
ITA,2017,4,10,GSA18,HKE,NK,GTR_DEF_>=16_0_0,NK,40.37,201.81
ITA,2017,3,9,GSA18,HKE,NK,GTR_DEF_>=16_0_0,NK,74.62,493.24
ITA,2017,3,8,GSA18,HKE,NK,GTR_DEF_>=16_0_0,NK,497.04,3166.17
ITA,2017,3,7,GSA18,HKE,NK,GTR_DEF_>=16_0_0,NK,554.44,3508.14
ITA,2017,2,6,GSA18,HKE,NK,GTR_DEF_>=16_0_0,NK,529.42,3451.82
ITA,2017,2,5,GSA18,HKE,NK,GTR_DEF_>=16_0_0,NK,213.58,1371.49
ITA,2017,2,4,GSA18,HKE,NK,GTR_DEF_>=16_0_0,NK,369.78,2407.27
ITA,2017,1,3,GSA18,HKE,NK,GTR_DEF_>=16_0_0,NK,230.24,1471.23
ITA,2017,1,2,GSA18,HKE,NK,GTR_DEF_>=16_0_0,NK,82.58,475.75
ITA,2017,1,1,GSA18,HKE,NK,GTR_DEF_>=16_0_0,NK,40.37,201.81
ITA,2017,4,12,GSA18,HKE,NK,GNS_DEF_>=16_0_0,NK,2227.44,19615.26
ITA,2017,4,11,GSA18,HKE,NK,GNS_DEF_>=16_0_0,NK,2150.88,18479.28
ITA,2017,4,10,GSA18,HKE,NK,GNS_DEF_>=16_0_0,NK,2870.63,24660.7
ITA,2017,3,9,GSA18,HKE,NK,GNS_DEF_>=16_0_0,NK,2800.87,24062.77
ITA,2017,3,8,GSA18,HKE,NK,GNS_DEF_>=16_0_0,NK,3133.22,26917.34
ITA,2017,3,7,GSA18,HKE,NK,GNS_DEF_>=16_0_0,NK,4006.23,31722.83
ITA,2017,2,6,GSA18,HKE,NK,GNS_DEF_>=16_0_0,NK,2998.42,24946.82
ITA,2017,2,5,GSA18,HKE,NK,GNS_DEF_>=16_0_0,NK,2436.53,20811.75
ITA,2017,2,4,GSA18,HKE,NK,GNS_DEF_>=16_0_0,NK,3236.53,27805.47
ITA,2017,1,3,GSA18,HKE,NK,GNS_DEF_>=16_0_0,NK,2211.21,18994.06
ITA,2017,1,2,GSA18,HKE,NK,GNS_DEF_>=16_0_0,NK,1736.47,14920.06
ITA,2017,1,1,GSA18,HKE,NK,GNS_DEF_>=16_0_0,NK,1499.32,12881.8
ITA,2016,1,3,GSA18,HKE,NK,GNS_DEF_>=16_0_0,NK,255.55,2744.23
ITA,2016,4,12,GSA18,HKE,NK,OTB_MDD_>=40_0_0,NK,5594.58,37092.53
ITA,2016,4,11,GSA18,HKE,NK,OTB_MDD_>=40_0_0,NK,1691.35,14588.52
ITA,2016,4,10,GSA18,HKE,NK,OTB_MDD_>=40_0_0,NK,133.9,934.63
ITA,2016,3,9,GSA18,HKE,NK,OTB_MDD_>=40_0_0,NK,1942.36,16397.5
ITA,2016,3,8,GSA18,HKE,NK,OTB_MDD_>=40_0_0,NK,3209.4,24305.64
ITA,2016,3,7,GSA18,HKE,NK,OTB_MDD_>=40_0_0,NK,4197.77,27649.68
ITA,2016,2,6,GSA18,HKE,NK,OTB_MDD_>=40_0_0,NK,3025.08,22060.63
ITA,2016,2,5,GSA18,HKE,NK,OTB_MDD_>=40_0_0,NK,3988.8,27612.94
ITA,2016,2,4,GSA18,HKE,NK,OTB_MDD_>=40_0_0,NK,4253.83,32597.95
ITA,2016,1,3,GSA18,HKE,NK,OTB_MDD_>=40_0_0,NK,2075.55,18192.62
ITA,2016,1,2,GSA18,HKE,NK,OTB_MDD_>=40_0_0,NK,2206.26,13147.39
ITA,2016,4,12,GSA18,HKE,NK,OTB_DWS_>=40_0_0,NK,317.26,2056.65
ITA,2016,1,2,GSA18,HKE,NK,GNS_DEF_>=16_0_0,NK,944.98,8441.62
ITA,2016,4,11,GSA18,HKE,NK,OTB_DWS_>=40_0_0,NK,133.9,1405.92
ITA,2016,4,10,GSA18,HKE,NK,OTB_DWS_>=40_0_0,NK,334.74,1949.11
ITA,2016,3,7,GSA18,HKE,NK,OTB_DWS_>=40_0_0,NK,39.42,403.91
ITA,2016,4,12,GSA18,HKE,NK,OTB_DEF_>=40_0_0,NK,119312.45,914960.88
ITA,2016,4,11,GSA18,HKE,NK,OTB_DEF_>=40_0_0,NK,183942.56,1251170.06
ITA,2016,4,10,GSA18,HKE,NK,OTB_DEF_>=40_0_0,NK,195259.32,1228093.58
ITA,2016,3,9,GSA18,HKE,NK,OTB_DEF_>=40_0_0,NK,34532.22,238013.41
ITA,2016,3,8,GSA18,HKE,NK,OTB_DEF_>=40_0_0,NK,62155.44,457010.47
ITA,2016,3,7,GSA18,HKE,NK,OTB_DEF_>=40_0_0,NK,128935.23,1019283.73
ITA,2016,2,6,GSA18,HKE,NK,OTB_DEF_>=40_0_0,NK,174187.27,1298224.31
ITA,2016,2,5,GSA18,HKE,NK,OTB_DEF_>=40_0_0,NK,160843.87,1186714.37
ITA,2016,2,4,GSA18,HKE,NK,OTB_DEF_>=40_0_0,NK,122227.92,917024.4
ITA,2016,1,3,GSA18,HKE,NK,OTB_DEF_>=40_0_0,NK,155151.77,1099950.41
ITA,2016,1,2,GSA18,HKE,NK,OTB_DEF_>=40_0_0,NK,168107.59,1211298.79
ITA,2016,1,1,GSA18,HKE,NK,OTB_DEF_>=40_0_0,NK,133788.19,903288.74
ITA,2016,4,12,GSA18,HKE,NK,LLS_DEF_0_0_0,NK,20923.88,122874.69
ITA,2016,4,11,GSA18,HKE,NK,LLS_DEF_0_0_0,NK,50163.49,317441.67
ITA,2016,4,10,GSA18,HKE,NK,LLS_DEF_0_0_0,NK,28484.02,207579.21
ITA,2016,3,9,GSA18,HKE,NK,LLS_DEF_0_0_0,NK,37524.14,251030.9
ITA,2016,3,8,GSA18,HKE,NK,LLS_DEF_0_0_0,NK,51547.55,315023.7
ITA,2016,3,7,GSA18,HKE,NK,LLS_DEF_0_0_0,NK,52423.7,349271.02
ITA,2016,2,6,GSA18,HKE,NK,LLS_DEF_0_0_0,NK,54846.23,352921.81
ITA,2016,2,5,GSA18,HKE,NK,LLS_DEF_0_0_0,NK,76927.89,489858.49
ITA,2016,1,1,GSA18,HKE,NK,GNS_DEF_>=16_0_0,NK,1022.6,6039.68
ITA,2016,2,4,GSA18,HKE,NK,LLS_DEF_0_0_0,NK,30494.73,183198.9
ITA,2016,1,3,GSA18,HKE,NK,LLS_DEF_0_0_0,NK,38833.75,244962.15
ITA,2016,1,2,GSA18,HKE,NK,LLS_DEF_0_0_0,NK,25738.91,158779.4
ITA,2016,1,1,GSA18,HKE,NK,LLS_DEF_0_0_0,NK,49882.97,346568.33
ITA,2016,4,10,GSA18,HKE,NK,GNS_DEF_>=16_0_0,NK,453.02,3577.21
ITA,2016,3,8,GSA18,HKE,NK,GNS_DEF_>=16_0_0,NK,532.96,6295.85
ITA,2016,3,7,GSA18,HKE,NK,GNS_DEF_>=16_0_0,NK,799.12,4290.91
ITA,2016,2,6,GSA18,HKE,NK,GNS_DEF_>=16_0_0,NK,511.05,4390.78
ITA,2016,2,5,GSA18,HKE,NK,GNS_DEF_>=16_0_0,NK,255.55,1372.09
ITA,2016,2,4,GSA18,HKE,NK,GNS_DEF_>=16_0_0,NK,408.97,2635.25
ITA,2015,1,1,GSA18,HKE,NK,LLS_DEF_0_0_0,NK,23101.07,145064.86
ITA,2015,1,2,GSA18,HKE,NK,LLS_DEF_0_0_0,NK,17280.5,108578.67
ITA,2015,1,3,GSA18,HKE,NK,LLS_DEF_0_0_0,NK,27532.55,171920.25
ITA,2015,2,4,GSA18,HKE,NK,LLS_DEF_0_0_0,NK,40898.69,263329.84
ITA,2015,2,5,GSA18,HKE,NK,LLS_DEF_0_0_0,NK,34209.84,223852.36
ITA,2015,2,6,GSA18,HKE,NK,LLS_DEF_0_0_0,NK,39411.94,248522.33
ITA,2015,3,7,GSA18,HKE,NK,LLS_DEF_0_0_0,NK,45364.16,293769.86
ITA,2015,3,8,GSA18,HKE,NK,LLS_DEF_0_0_0,NK,43462.61,269299.15
ITA,2015,3,9,GSA18,HKE,NK,LLS_DEF_0_0_0,NK,44022.58,269555.57
ITA,2015,4,10,GSA18,HKE,NK,LLS_DEF_0_0_0,NK,43495.27,278534.19
ITA,2015,4,11,GSA18,HKE,NK,LLS_DEF_0_0_0,NK,36234.75,227258.29
ITA,2015,4,12,GSA18,HKE,NK,LLS_DEF_0_0_0,NK,31866.61,197590.23
ITA,2015,1,1,GSA18,HKE,NK,OTB_DEF_>=40_0_0,NK,140510.1,897173.83
ITA,2015,1,2,GSA18,HKE,NK,OTB_DEF_>=40_0_0,NK,135771.8,857698.89
ITA,2015,1,3,GSA18,HKE,NK,OTB_DEF_>=40_0_0,NK,148602.99,1019871.56
ITA,2015,2,4,GSA18,HKE,NK,OTB_DEF_>=40_0_0,NK,123025.8,838950.7
ITA,2015,2,5,GSA18,HKE,NK,OTB_DEF_>=40_0_0,NK,161198.74,1035996.67
ITA,2015,2,6,GSA18,HKE,NK,OTB_DEF_>=40_0_0,NK,194170.68,1347565.46
ITA,2015,3,7,GSA18,HKE,NK,OTB_DEF_>=40_0_0,NK,100562.88,629119.14
ITA,2015,3,8,GSA18,HKE,NK,OTB_DEF_>=40_0_0,NK,52461.28,346745.05
ITA,2015,3,9,GSA18,HKE,NK,OTB_DEF_>=40_0_0,NK,45486.12,292772.58
ITA,2015,4,10,GSA18,HKE,NK,OTB_DEF_>=40_0_0,NK,166045.1,1105299.05
ITA,2015,4,11,GSA18,HKE,NK,OTB_DEF_>=40_0_0,NK,164482.15,1116630.6
ITA,2015,4,12,GSA18,HKE,NK,OTB_DEF_>=40_0_0,NK,119630.59,783452.69
ITA,2015,1,2,GSA18,HKE,NK,OTB_MDD_>=40_0_0,NK,10803.7,89359.09
ITA,2015,1,3,GSA18,HKE,NK,OTB_MDD_>=40_0_0,NK,4801.03,43715.85
ITA,2015,2,4,GSA18,HKE,NK,OTB_MDD_>=40_0_0,NK,10838.46,89051.15
ITA,2015,2,5,GSA18,HKE,NK,OTB_MDD_>=40_0_0,NK,11558.35,68083.47
ITA,2015,2,6,GSA18,HKE,NK,OTB_MDD_>=40_0_0,NK,5219.13,49408.51
ITA,2015,3,7,GSA18,HKE,NK,OTB_MDD_>=40_0_0,NK,12001.65,75814.81
ITA,2015,3,8,GSA18,HKE,NK,OTB_MDD_>=40_0_0,NK,690.36,5224.14
ITA,2015,4,10,GSA18,HKE,NK,OTB_MDD_>=40_0_0,NK,1755.31,19164.43
ITA,2015,4,11,GSA18,HKE,NK,OTB_MDD_>=40_0_0,NK,3300.47,55658.2
ITA,2015,4,12,GSA18,HKE,NK,OTB_MDD_>=40_0_0,NK,898.84,5898.79
ITA,2014,3,7,GSA18,HKE,NK,OTB_DEF_>=40_0_0,NK,170553.9,1103228.49
ITA,2014,4,12,GSA18,HKE,NK,OTB_MDD_>=40_0_0,NK,2302.06,20955.34
ITA,2014,4,11,GSA18,HKE,NK,OTB_MDD_>=40_0_0,NK,3622.41,21277.11
ITA,2014,4,10,GSA18,HKE,NK,OTB_MDD_>=40_0_0,NK,5356.57,29096.65
ITA,2014,3,9,GSA18,HKE,NK,OTB_MDD_>=40_0_0,NK,1419.39,6750.22
ITA,2014,3,7,GSA18,HKE,NK,OTB_MDD_>=40_0_0,NK,2947.34,19624.57
ITA,2014,2,6,GSA18,HKE,NK,OTB_MDD_>=40_0_0,NK,6650.94,33676.28
ITA,2014,2,5,GSA18,HKE,NK,OTB_MDD_>=40_0_0,NK,6564.55,29475.35
ITA,2014,2,4,GSA18,HKE,NK,OTB_MDD_>=40_0_0,NK,6991.87,20678.65
ITA,2014,1,3,GSA18,HKE,NK,OTB_MDD_>=40_0_0,NK,9348.61,45416.23
ITA,2014,1,1,GSA18,HKE,NK,OTB_MDD_>=40_0_0,NK,2918.42,16288.46
ITA,2014,4,12,GSA18,HKE,NK,OTB_DEF_>=40_0_0,NK,127167.75,863576.56
ITA,2014,4,11,GSA18,HKE,NK,OTB_DEF_>=40_0_0,NK,124101.2,822496.83
ITA,2014,4,10,GSA18,HKE,NK,OTB_DEF_>=40_0_0,NK,106544.6,716040.83
ITA,2014,3,9,GSA18,HKE,NK,OTB_DEF_>=40_0_0,NK,50671.46,355880.03
ITA,2014,3,8,GSA18,HKE,NK,OTB_DEF_>=40_0_0,NK,67601.18,495141.21
ITA,2014,2,6,GSA18,HKE,NK,OTB_DEF_>=40_0_0,NK,89463.65,644040.45
ITA,2014,2,5,GSA18,HKE,NK,OTB_DEF_>=40_0_0,NK,174811.41,1195122.06
ITA,2014,2,4,GSA18,HKE,NK,OTB_DEF_>=40_0_0,NK,193685.26,1260443.68
ITA,2014,1,3,GSA18,HKE,NK,OTB_DEF_>=40_0_0,NK,142018.63,942035.45
ITA,2014,1,2,GSA18,HKE,NK,OTB_DEF_>=40_0_0,NK,137905.55,936444.92
ITA,2014,1,1,GSA18,HKE,NK,OTB_DEF_>=40_0_0,NK,151819.82,1042213.26
ITA,2014,4,12,GSA18,HKE,NK,LLS_DEF_0_0_0,NK,17954.53,112022.07
ITA,2014,4,11,GSA18,HKE,NK,LLS_DEF_0_0_0,NK,24443.72,152993.99
ITA,2014,4,10,GSA18,HKE,NK,LLS_DEF_0_0_0,NK,33098.87,211662.88
ITA,2014,3,9,GSA18,HKE,NK,LLS_DEF_0_0_0,NK,24524.08,154211.05
ITA,2014,3,8,GSA18,HKE,NK,LLS_DEF_0_0_0,NK,31406.72,195852.24
ITA,2014,3,7,GSA18,HKE,NK,LLS_DEF_0_0_0,NK,24737.72,166035.8
ITA,2014,2,6,GSA18,HKE,NK,LLS_DEF_0_0_0,NK,22264.69,139963.21
ITA,2014,2,5,GSA18,HKE,NK,LLS_DEF_0_0_0,NK,33732.04,212389.24
ITA,2014,2,4,GSA18,HKE,NK,LLS_DEF_0_0_0,NK,25583.93,160428.35
ITA,2014,1,3,GSA18,HKE,NK,LLS_DEF_0_0_0,NK,15170.24,95085.73
ITA,2014,1,2,GSA18,HKE,NK,LLS_DEF_0_0_0,NK,11077.64,69603.35
ITA,2014,1,1,GSA18,HKE,NK,LLS_DEF_0_0_0,NK,15136.21,95111.28
ITA,2014,2,4,GSA18,HKE,NK,GTR_DEF_>=16_0_0,NK,4.59,26.92
ITA,2014,1,3,GSA18,HKE,NK,GTR_DEF_>=16_0_0,NK,23.47,135.81
ITA,2013,2,4,GSA18,HKE,NK,LLS_DEF_0_0_0,NK,19929.9,129119.29
ITA,2013,1,1,GSA18,HKE,NK,PS_SPF_>=14_0_0,NK,223.9,72.15
ITA,2013,4,12,GSA18,HKE,NK,OTB_MDD_>=40_0_0,NK,6908.53,47966.85
ITA,2013,3,9,GSA18,HKE,NK,OTB_MDD_>=40_0_0,NK,1007.12,7790.64
ITA,2013,3,8,GSA18,HKE,NK,OTB_MDD_>=40_0_0,NK,392.88,3122.99
ITA,2013,3,7,GSA18,HKE,NK,OTB_MDD_>=40_0_0,NK,11853.37,65430.58
ITA,2013,2,6,GSA18,HKE,NK,OTB_MDD_>=40_0_0,NK,6552.77,31620.06
ITA,2013,2,5,GSA18,HKE,NK,OTB_MDD_>=40_0_0,NK,28742.59,153945.17
ITA,2013,2,4,GSA18,HKE,NK,OTB_MDD_>=40_0_0,NK,5676.01,33705.41
ITA,2013,1,3,GSA18,HKE,NK,OTB_MDD_>=40_0_0,NK,8779.96,48280.32
ITA,2013,1,1,GSA18,HKE,NK,OTB_MDD_>=40_0_0,NK,7696.2,51712.5
ITA,2013,4,12,GSA18,HKE,NK,OTB_DEF_>=40_0_0,NK,194887.19,1395123.74
ITA,2013,1,3,GSA18,HKE,NK,LLS_DEF_0_0_0,NK,7090.78,44711.66
ITA,2013,4,11,GSA18,HKE,NK,OTB_DEF_>=40_0_0,NK,122374.24,898128.24
ITA,2013,4,10,GSA18,HKE,NK,OTB_DEF_>=40_0_0,NK,228365.54,1261397.03
ITA,2013,3,9,GSA18,HKE,NK,OTB_DEF_>=40_0_0,NK,160572.4,900218.44
ITA,2013,3,8,GSA18,HKE,NK,OTB_DEF_>=40_0_0,NK,65521.57,443352.69
ITA,2013,3,7,GSA18,HKE,NK,OTB_DEF_>=40_0_0,NK,279665.68,1556080.74
ITA,2013,2,6,GSA18,HKE,NK,OTB_DEF_>=40_0_0,NK,223056.87,1282368.68
ITA,2013,2,5,GSA18,HKE,NK,OTB_DEF_>=40_0_0,NK,265452.21,1524087.91
ITA,2013,2,4,GSA18,HKE,NK,OTB_DEF_>=40_0_0,NK,163444.88,982204.85
ITA,2013,1,3,GSA18,HKE,NK,OTB_DEF_>=40_0_0,NK,167989.92,1120652.7
ITA,2013,1,2,GSA18,HKE,NK,OTB_DEF_>=40_0_0,NK,158570.58,1075246.38
ITA,2013,1,1,GSA18,HKE,NK,OTB_DEF_>=40_0_0,NK,271829.22,1895434.18
ITA,2013,4,12,GSA18,HKE,NK,LLS_DEF_0_0_0,NK,17592.7,112822.5
ITA,2013,4,11,GSA18,HKE,NK,LLS_DEF_0_0_0,NK,13755.74,87529.66
ITA,2013,4,10,GSA18,HKE,NK,LLS_DEF_0_0_0,NK,23457.43,153521.53
ITA,2013,3,9,GSA18,HKE,NK,LLS_DEF_0_0_0,NK,19106.32,122501.53
ITA,2013,3,8,GSA18,HKE,NK,LLS_DEF_0_0_0,NK,20120.21,128261.86
ITA,2013,3,7,GSA18,HKE,NK,LLS_DEF_0_0_0,NK,18655.01,118170.83
ITA,2013,2,6,GSA18,HKE,NK,LLS_DEF_0_0_0,NK,27807.83,181412.43
ITA,2013,2,5,GSA18,HKE,NK,LLS_DEF_0_0_0,NK,20091.84,129550.1
ITA,2012,4,12,GSA18,HKE,NK,GTR_DEF_>=16_0_0,NK,1128.7,6348.64
ITA,2012,4,12,GSA18,HKE,NK,OTB_MDD_>=40_0_0,NK,17677.86,139243.53
ITA,2012,4,11,GSA18,HKE,NK,OTB_MDD_>=40_0_0,NK,1958.72,11315.37
ITA,2012,4,10,GSA18,HKE,NK,OTB_MDD_>=40_0_0,NK,4746.83,40516.64
ITA,2012,3,9,GSA18,HKE,NK,OTB_MDD_>=40_0_0,NK,1497.92,13503.86
ITA,2012,3,8,GSA18,HKE,NK,OTB_MDD_>=40_0_0,NK,3826.86,34498.07
ITA,2012,3,7,GSA18,HKE,NK,OTB_MDD_>=40_0_0,NK,17198.6,128193.41
ITA,2012,2,6,GSA18,HKE,NK,OTB_MDD_>=40_0_0,NK,10512.33,71222.36
ITA,2012,2,5,GSA18,HKE,NK,OTB_MDD_>=40_0_0,NK,20396.84,130902.16
ITA,2012,2,4,GSA18,HKE,NK,OTB_MDD_>=40_0_0,NK,13243.47,99749.56
ITA,2012,1,3,GSA18,HKE,NK,OTB_MDD_>=40_0_0,NK,19401.41,146088.28
ITA,2012,1,2,GSA18,HKE,NK,OTB_MDD_>=40_0_0,NK,5757.51,44841.23
ITA,2012,1,1,GSA18,HKE,NK,OTB_MDD_>=40_0_0,NK,5529.42,45129.18
ITA,2012,4,12,GSA18,HKE,NK,OTB_DEF_>=40_0_0,NK,234659.52,1677586.29
ITA,2012,4,11,GSA18,HKE,NK,OTB_DEF_>=40_0_0,NK,296912.67,1983312.39
ITA,2012,4,10,GSA18,HKE,NK,OTB_DEF_>=40_0_0,NK,280142.75,1656763.32
ITA,2012,3,9,GSA18,HKE,NK,OTB_DEF_>=40_0_0,NK,63522.53,258752.08
ITA,2012,3,8,GSA18,HKE,NK,OTB_DEF_>=40_0_0,NK,145760.74,1232108.08
ITA,2012,3,7,GSA18,HKE,NK,OTB_DEF_>=40_0_0,NK,207530.22,1477840.21
ITA,2012,2,6,GSA18,HKE,NK,OTB_DEF_>=40_0_0,NK,223398.73,1627340.08
ITA,2012,2,5,GSA18,HKE,NK,OTB_DEF_>=40_0_0,NK,177363.04,1296359.09
ITA,2012,2,4,GSA18,HKE,NK,OTB_DEF_>=40_0_0,NK,258343.7,1805690.62
ITA,2012,1,3,GSA18,HKE,NK,OTB_DEF_>=40_0_0,NK,222266.01,1573594.05
ITA,2012,1,2,GSA18,HKE,NK,OTB_DEF_>=40_0_0,NK,173358.97,1250469.62
ITA,2012,1,1,GSA18,HKE,NK,OTB_DEF_>=40_0_0,NK,114602.61,905867.88
ITA,2012,4,11,GSA18,HKE,NK,LLS_DEF_0_0_0,NK,21676.53,147607.58
ITA,2012,4,10,GSA18,HKE,NK,LLS_DEF_0_0_0,NK,70615.44,499153.88
ITA,2012,3,9,GSA18,HKE,NK,LLS_DEF_0_0_0,NK,53300.11,366099.26
ITA,2012,3,8,GSA18,HKE,NK,LLS_DEF_0_0_0,NK,81678.36,582473.3
ITA,2012,3,7,GSA18,HKE,NK,LLS_DEF_0_0_0,NK,88269.63,664536.79
ITA,2012,2,6,GSA18,HKE,NK,LLS_DEF_0_0_0,NK,81651.69,590151.6
ITA,2012,2,5,GSA18,HKE,NK,LLS_DEF_0_0_0,NK,80737.86,580016.99
ITA,2012,2,4,GSA18,HKE,NK,LLS_DEF_0_0_0,NK,16019.23,109504.9
ITA,2012,1,3,GSA18,HKE,NK,LLS_DEF_0_0_0,NK,72297.87,512152.92
ITA,2012,4,11,GSA18,HKE,NK,GTR_DEF_>=16_0_0,NK,1225.65,7003.51
ITA,2012,4,10,GSA18,HKE,NK,GTR_DEF_>=16_0_0,NK,1985.88,11322.08
ITA,2012,3,9,GSA18,HKE,NK,GTR_DEF_>=16_0_0,NK,1991.66,10923.89
ITA,2012,3,8,GSA18,HKE,NK,GTR_DEF_>=16_0_0,NK,2468.51,14026.87
ITA,2012,3,7,GSA18,HKE,NK,GTR_DEF_>=16_0_0,NK,1985.34,11318.76
ITA,2012,2,6,GSA18,HKE,NK,GTR_DEF_>=16_0_0,NK,2550.67,14574.3
ITA,2012,2,5,GSA18,HKE,NK,GTR_DEF_>=16_0_0,NK,2393.32,13744.52
ITA,2012,2,4,GSA18,HKE,NK,GTR_DEF_>=16_0_0,NK,1476.11,8502.78
ITA,2012,1,3,GSA18,HKE,NK,GTR_DEF_>=16_0_0,NK,1178.14,6771.52
ITA,2012,1,2,GSA18,HKE,NK,GTR_DEF_>=16_0_0,NK,665.29,3810.68
ITA,2012,1,1,GSA18,HKE,NK,GTR_DEF_>=16_0_0,NK,796.34,4577.64
ITA,2011,1,2,GSA18,HKE,NK,GTR_DEF_>=16_0_0,NK,1421.01,8141.48
ITA,2011,4,12,GSA18,HKE,NK,OTB_MDD_>=40_0_0,NK,27069.69,228386.1
ITA,2011,4,11,GSA18,HKE,NK,OTB_MDD_>=40_0_0,NK,12174.92,90057.36
ITA,2011,4,10,GSA18,HKE,NK,OTB_MDD_>=40_0_0,NK,4682.72,35880.59
ITA,2011,3,9,GSA18,HKE,NK,OTB_MDD_>=40_0_0,NK,1230.32,9734.57
ITA,2011,3,8,GSA18,HKE,NK,OTB_MDD_>=40_0_0,NK,1950.43,15454.41
ITA,2011,3,7,GSA18,HKE,NK,OTB_MDD_>=40_0_0,NK,41318.83,326613.52
ITA,2011,2,6,GSA18,HKE,NK,OTB_MDD_>=40_0_0,NK,42723.09,321022.23
ITA,2011,2,5,GSA18,HKE,NK,OTB_MDD_>=40_0_0,NK,89977.94,620559.91
ITA,2011,2,4,GSA18,HKE,NK,OTB_MDD_>=40_0_0,NK,12571.18,96856.99
ITA,2011,1,3,GSA18,HKE,NK,OTB_MDD_>=40_0_0,NK,41710.96,325574.81
ITA,2011,1,2,GSA18,HKE,NK,OTB_MDD_>=40_0_0,NK,27304.39,213074.28
ITA,2011,1,1,GSA18,HKE,NK,OTB_MDD_>=40_0_0,NK,36000.45,275714.41
ITA,2011,2,4,GSA18,HKE,NK,OTB_DWS_>=40_0_0,NK,10.03,68.25
ITA,2011,1,3,GSA18,HKE,NK,OTB_DWS_>=40_0_0,NK,158.55,1256.58
ITA,2011,1,1,GSA18,HKE,NK,OTB_DWS_>=40_0_0,NK,334.53,2730.62
ITA,2011,4,12,GSA18,HKE,NK,OTB_DEF_>=40_0_0,NK,303913.18,2359640.33
ITA,2011,4,11,GSA18,HKE,NK,OTB_DEF_>=40_0_0,NK,345014.46,2391764.89
ITA,2011,4,10,GSA18,HKE,NK,OTB_DEF_>=40_0_0,NK,170988.06,1043907.83
ITA,2011,3,9,GSA18,HKE,NK,OTB_DEF_>=40_0_0,NK,149333.57,1193117.57
ITA,2011,3,8,GSA18,HKE,NK,OTB_DEF_>=40_0_0,NK,121596.23,977319.67
ITA,2011,3,7,GSA18,HKE,NK,OTB_DEF_>=40_0_0,NK,256699.99,1915144.82
ITA,2011,2,6,GSA18,HKE,NK,OTB_DEF_>=40_0_0,NK,330454.14,2430531.15
ITA,2011,2,5,GSA18,HKE,NK,OTB_DEF_>=40_0_0,NK,255086.67,1806824.03
ITA,2011,2,4,GSA18,HKE,NK,OTB_DEF_>=40_0_0,NK,262717.31,1912044.27
ITA,2011,1,3,GSA18,HKE,NK,OTB_DEF_>=40_0_0,NK,260831.15,1830731.95
ITA,2011,1,2,GSA18,HKE,NK,OTB_DEF_>=40_0_0,NK,255144.72,1840745.65
ITA,2011,1,1,GSA18,HKE,NK,OTB_DEF_>=40_0_0,NK,261430.52,1827734
ITA,2011,4,12,GSA18,HKE,NK,LLS_DEF_0_0_0,NK,13262.28,98088.6
ITA,2011,4,11,GSA18,HKE,NK,LLS_DEF_0_0_0,NK,46742.73,356524.96
ITA,2011,4,10,GSA18,HKE,NK,LLS_DEF_0_0_0,NK,34938.89,251846.03
ITA,2011,3,9,GSA18,HKE,NK,LLS_DEF_0_0_0,NK,38966.41,270629.51
ITA,2011,3,8,GSA18,HKE,NK,LLS_DEF_0_0_0,NK,62531.04,448602.71
ITA,2011,3,7,GSA18,HKE,NK,LLS_DEF_0_0_0,NK,52928.01,370668.65
ITA,2011,2,6,GSA18,HKE,NK,LLS_DEF_0_0_0,NK,33243.35,240300.02
ITA,2011,2,5,GSA18,HKE,NK,LLS_DEF_0_0_0,NK,58378.76,421576.83
ITA,2011,2,4,GSA18,HKE,NK,LLS_DEF_0_0_0,NK,46718.34,336385.62
ITA,2011,1,3,GSA18,HKE,NK,LLS_DEF_0_0_0,NK,25771.52,191189.47
ITA,2011,1,2,GSA18,HKE,NK,LLS_DEF_0_0_0,NK,57102.65,434925.39
ITA,2011,1,1,GSA18,HKE,NK,LLS_DEF_0_0_0,NK,48187.91,347532.96
ITA,2011,1,1,GSA18,HKE,NK,GTR_DEF_>=16_0_0,NK,1342.97,7715.01
ITA,2011,4,12,GSA18,HKE,NK,GTR_DEF_>=16_0_0,NK,1381.25,7916.09
ITA,2011,4,11,GSA18,HKE,NK,GTR_DEF_>=16_0_0,NK,1385.15,7923.56
ITA,2011,4,10,GSA18,HKE,NK,GTR_DEF_>=16_0_0,NK,1483.59,8486.68
ITA,2011,3,9,GSA18,HKE,NK,GTR_DEF_>=16_0_0,NK,1741.81,9953.52
ITA,2011,3,8,GSA18,HKE,NK,GTR_DEF_>=16_0_0,NK,1661.31,9486.11
ITA,2011,3,7,GSA18,HKE,NK,GTR_DEF_>=16_0_0,NK,1773.59,10159.81
ITA,2011,2,6,GSA18,HKE,NK,GTR_DEF_>=16_0_0,NK,1599.52,9156.04
ITA,2011,2,5,GSA18,HKE,NK,GTR_DEF_>=16_0_0,NK,1807.24,10350.34
ITA,2011,2,4,GSA18,HKE,NK,GTR_DEF_>=16_0_0,NK,1733.51,9899.98
ITA,2011,1,3,GSA18,HKE,NK,GTR_DEF_>=16_0_0,NK,1166.43,6686.15
ITA,2010,4,11,GSA18,HKE,NK,OTB_DWS_>=40_0_0,NK,581.2,6603.84
ITA,2010,4,12,GSA18,HKE,NK,OTB_MDD_>=40_0_0,NK,22817.23,193691.82
ITA,2010,4,11,GSA18,HKE,NK,OTB_MDD_>=40_0_0,NK,20815.43,147071.53
ITA,2010,4,10,GSA18,HKE,NK,OTB_MDD_>=40_0_0,NK,7817.63,59029.4
ITA,2010,3,9,GSA18,HKE,NK,OTB_MDD_>=40_0_0,NK,8802.89,54818.81
ITA,2010,3,8,GSA18,HKE,NK,OTB_MDD_>=40_0_0,NK,29066.52,230943.31
ITA,2010,3,7,GSA18,HKE,NK,OTB_MDD_>=40_0_0,NK,48937.97,363095.65
ITA,2010,2,6,GSA18,HKE,NK,OTB_MDD_>=40_0_0,NK,28940.86,212137.96
ITA,2010,2,5,GSA18,HKE,NK,OTB_MDD_>=40_0_0,NK,89335.4,579202.82
ITA,2010,2,4,GSA18,HKE,NK,OTB_MDD_>=40_0_0,NK,199251.11,1182879.31
ITA,2010,1,3,GSA18,HKE,NK,OTB_MDD_>=40_0_0,NK,196080.51,1449491.47
ITA,2010,1,2,GSA18,HKE,NK,OTB_MDD_>=40_0_0,NK,40464.57,293697.76
ITA,2010,1,1,GSA18,HKE,NK,OTB_MDD_>=40_0_0,NK,27722.99,205822.09
ITA,2010,4,12,GSA18,HKE,NK,OTB_DWS_>=40_0_0,NK,736.5,6637.53
ITA,2010,4,10,GSA18,HKE,NK,OTB_DWS_>=40_0_0,NK,239.58,2498.47
ITA,2010,3,8,GSA18,HKE,NK,OTB_DWS_>=40_0_0,NK,1789.51,18179.9
ITA,2010,3,7,GSA18,HKE,NK,OTB_DWS_>=40_0_0,NK,638.28,4678.05
ITA,2010,2,6,GSA18,HKE,NK,OTB_DWS_>=40_0_0,NK,1527.49,9142.98
ITA,2010,2,5,GSA18,HKE,NK,OTB_DWS_>=40_0_0,NK,1766.6,12255.35
ITA,2010,1,2,GSA18,HKE,NK,OTB_DWS_>=40_0_0,NK,911.82,8434.25
ITA,2010,1,1,GSA18,HKE,NK,OTB_DWS_>=40_0_0,NK,861.15,7965.63
ITA,2010,4,12,GSA18,HKE,NK,OTB_DEF_>=40_0_0,NK,259764.44,1984617.64
ITA,2010,4,11,GSA18,HKE,NK,OTB_DEF_>=40_0_0,NK,454497.48,2858806.62
ITA,2010,4,10,GSA18,HKE,NK,OTB_DEF_>=40_0_0,NK,227532.47,1470252.91
ITA,2010,3,9,GSA18,HKE,NK,OTB_DEF_>=40_0_0,NK,169611.25,964132.87
ITA,2010,3,8,GSA18,HKE,NK,OTB_DEF_>=40_0_0,NK,117660.21,865546.55
ITA,2010,3,7,GSA18,HKE,NK,OTB_DEF_>=40_0_0,NK,292281,1881957.37
ITA,2010,2,6,GSA18,HKE,NK,OTB_DEF_>=40_0_0,NK,179349.26,1171161.04
ITA,2010,2,5,GSA18,HKE,NK,OTB_DEF_>=40_0_0,NK,257031.95,1620799.82
ITA,2010,2,4,GSA18,HKE,NK,OTB_DEF_>=40_0_0,NK,164040.26,1077855.27
ITA,2010,1,3,GSA18,HKE,NK,OTB_DEF_>=40_0_0,NK,71743.57,436366.84
ITA,2010,1,2,GSA18,HKE,NK,OTB_DEF_>=40_0_0,NK,220201.68,1570560.07
ITA,2010,1,1,GSA18,HKE,NK,OTB_DEF_>=40_0_0,NK,257217.96,1796403.4
ITA,2010,4,12,GSA18,HKE,NK,LLS_DEF_0_0_0,NK,454.3,4247.64
ITA,2010,4,11,GSA18,HKE,NK,LLS_DEF_0_0_0,NK,52692.81,367894.13
ITA,2010,4,10,GSA18,HKE,NK,LLS_DEF_0_0_0,NK,32708.37,229192.89
ITA,2010,3,9,GSA18,HKE,NK,LLS_DEF_0_0_0,NK,48906.89,345691.09
ITA,2010,3,8,GSA18,HKE,NK,LLS_DEF_0_0_0,NK,79264.63,553526.71
ITA,2010,3,7,GSA18,HKE,NK,LLS_DEF_0_0_0,NK,60886.23,428995.7
ITA,2010,2,6,GSA18,HKE,NK,LLS_DEF_0_0_0,NK,65928.54,463465.24
ITA,2010,2,5,GSA18,HKE,NK,LLS_DEF_0_0_0,NK,76901.05,539955.45
ITA,2010,2,4,GSA18,HKE,NK,LLS_DEF_0_0_0,NK,83835.47,609166.94
ITA,2010,1,3,GSA18,HKE,NK,LLS_DEF_0_0_0,NK,69084.98,529128.56
ITA,2010,1,2,GSA18,HKE,NK,LLS_DEF_0_0_0,NK,13448.01,94335.84
ITA,2010,1,1,GSA18,HKE,NK,LLS_DEF_0_0_0,NK,17098.77,120369.36
ITA,2010,4,12,GSA18,HKE,NK,GTR_DEF_>=16_0_0,NK,812.64,4662.32
ITA,2010,4,11,GSA18,HKE,NK,GTR_DEF_>=16_0_0,NK,1271.47,7278.58
ITA,2010,4,10,GSA18,HKE,NK,GTR_DEF_>=16_0_0,NK,1125.49,6449.23
ITA,2010,3,9,GSA18,HKE,NK,GTR_DEF_>=16_0_0,NK,1464.76,8376.63
ITA,2010,3,8,GSA18,HKE,NK,GTR_DEF_>=16_0_0,NK,2449.87,14731.1
ITA,2010,3,7,GSA18,HKE,NK,GTR_DEF_>=16_0_0,NK,2460.3,14761.52
ITA,2010,2,6,GSA18,HKE,NK,GTR_DEF_>=16_0_0,NK,1793.92,10264.67
ITA,2010,2,5,GSA18,HKE,NK,GTR_DEF_>=16_0_0,NK,1577.03,9031.27
ITA,2010,2,4,GSA18,HKE,NK,GTR_DEF_>=16_0_0,NK,1834.75,10502.75
ITA,2010,1,3,GSA18,HKE,NK,GTR_DEF_>=16_0_0,NK,1695.96,9692.46
ITA,2010,1,2,GSA18,HKE,NK,GTR_DEF_>=16_0_0,NK,1512.96,8790.32
ITA,2010,1,1,GSA18,HKE,NK,GTR_DEF_>=16_0_0,NK,1366.38,7939.26
ITA,2009,1,3,GSA18,HKE,NK,OTB_DEF_>=40_0_0,NK,263294.14,1733461.86
ITA,2009,4,12,GSA18,HKE,NK,OTB_MDD_>=40_0_0,NK,35525.52,268779.34
ITA,2009,4,11,GSA18,HKE,NK,OTB_MDD_>=40_0_0,NK,19761.68,125504.14
ITA,2009,4,10,GSA18,HKE,NK,OTB_MDD_>=40_0_0,NK,23049.7,150548.09
ITA,2009,3,9,GSA18,HKE,NK,OTB_MDD_>=40_0_0,NK,12299.99,84055.36
ITA,2009,3,8,GSA18,HKE,NK,OTB_MDD_>=40_0_0,NK,48613.55,319833.4
ITA,2009,3,7,GSA18,HKE,NK,OTB_MDD_>=40_0_0,NK,58554.31,359767.65
ITA,2009,2,6,GSA18,HKE,NK,OTB_MDD_>=40_0_0,NK,45846.42,309694.62
ITA,2009,2,5,GSA18,HKE,NK,OTB_MDD_>=40_0_0,NK,31983.8,210100.99
ITA,2009,2,4,GSA18,HKE,NK,OTB_MDD_>=40_0_0,NK,71373.25,408163.09
ITA,2009,1,3,GSA18,HKE,NK,OTB_MDD_>=40_0_0,NK,48492.99,309377.94
ITA,2009,1,2,GSA18,HKE,NK,OTB_MDD_>=40_0_0,NK,29067.43,203359.85
ITA,2009,1,1,GSA18,HKE,NK,OTB_MDD_>=40_0_0,NK,26152.1,182116.11
ITA,2009,4,12,GSA18,HKE,NK,OTB_DWS_>=40_0_0,NK,985.56,7796.51
ITA,2009,4,11,GSA18,HKE,NK,OTB_DWS_>=40_0_0,NK,578.96,6153.68
ITA,2009,4,10,GSA18,HKE,NK,OTB_DWS_>=40_0_0,NK,373.71,3231.78
ITA,2009,3,8,GSA18,HKE,NK,OTB_DWS_>=40_0_0,NK,1254.87,11729.26
ITA,2009,3,7,GSA18,HKE,NK,OTB_DWS_>=40_0_0,NK,645.26,6067.3
ITA,2009,2,6,GSA18,HKE,NK,OTB_DWS_>=40_0_0,NK,1153.15,9932.77
ITA,2009,2,5,GSA18,HKE,NK,OTB_DWS_>=40_0_0,NK,1546.1,14301
ITA,2009,1,3,GSA18,HKE,NK,OTB_DWS_>=40_0_0,NK,648.56,5998.89
ITA,2009,1,2,GSA18,HKE,NK,OTB_DWS_>=40_0_0,NK,1124.29,9474.23
ITA,2009,1,1,GSA18,HKE,NK,OTB_DWS_>=40_0_0,NK,183.75,1699.67
ITA,2009,4,12,GSA18,HKE,NK,OTB_DEF_>=40_0_0,NK,217892.56,1644909.22
ITA,2009,4,11,GSA18,HKE,NK,OTB_DEF_>=40_0_0,NK,319165.21,2070517.75
ITA,2009,4,10,GSA18,HKE,NK,OTB_DEF_>=40_0_0,NK,325171.47,2061225.81
ITA,2009,3,9,GSA18,HKE,NK,OTB_DEF_>=40_0_0,NK,149872.55,1065015.52
ITA,2009,3,8,GSA18,HKE,NK,OTB_DEF_>=40_0_0,NK,93863.46,704276.33
ITA,2009,3,7,GSA18,HKE,NK,OTB_DEF_>=40_0_0,NK,302022.52,2126152.43
ITA,2009,2,6,GSA18,HKE,NK,OTB_DEF_>=40_0_0,NK,268057.28,1881482.1
ITA,2009,2,5,GSA18,HKE,NK,OTB_DEF_>=40_0_0,NK,325083.93,2116435.21
ITA,2009,2,4,GSA18,HKE,NK,OTB_DEF_>=40_0_0,NK,301310.61,1999455.21
ITA,2009,1,2,GSA18,HKE,NK,OTB_DEF_>=40_0_0,NK,243005.32,1593285.63
ITA,2009,1,1,GSA18,HKE,NK,OTB_DEF_>=40_0_0,NK,276852.75,1791776.54
ITA,2009,4,12,GSA18,HKE,NK,LLS_DEF_0_0_0,NK,26832.49,203165.74
ITA,2009,4,11,GSA18,HKE,NK,LLS_DEF_0_0_0,NK,36823.99,280944.08
ITA,2009,4,10,GSA18,HKE,NK,LLS_DEF_0_0_0,NK,22684.12,167670.36
ITA,2009,3,9,GSA18,HKE,NK,LLS_DEF_0_0_0,NK,43224.1,312892.81
ITA,2009,3,8,GSA18,HKE,NK,LLS_DEF_0_0_0,NK,53973.23,386342.09
ITA,2009,3,7,GSA18,HKE,NK,LLS_DEF_0_0_0,NK,74310.86,539335.12
ITA,2009,2,6,GSA18,HKE,NK,LLS_DEF_0_0_0,NK,54675.7,420734.68
ITA,2009,2,5,GSA18,HKE,NK,LLS_DEF_0_0_0,NK,73209.12,508184.62
ITA,2009,2,4,GSA18,HKE,NK,LLS_DEF_0_0_0,NK,86635.79,636931.96
ITA,2009,1,3,GSA18,HKE,NK,LLS_DEF_0_0_0,NK,43719.63,326080.12
ITA,2009,1,2,GSA18,HKE,NK,LLS_DEF_0_0_0,NK,6426.11,50413.28
ITA,2009,1,1,GSA18,HKE,NK,LLS_DEF_0_0_0,NK,11171.2,81024.36
ITA,2009,4,12,GSA18,HKE,NK,GTR_DEF_>=16_0_0,NK,891.77,5180.96
ITA,2009,4,11,GSA18,HKE,NK,GTR_DEF_>=16_0_0,NK,1539.87,8944.91
ITA,2009,4,10,GSA18,HKE,NK,GTR_DEF_>=16_0_0,NK,1518.81,9437.58
ITA,2009,3,9,GSA18,HKE,NK,GTR_DEF_>=16_0_0,NK,2295.13,14993.33
ITA,2009,3,8,GSA18,HKE,NK,GTR_DEF_>=16_0_0,NK,1128.11,6586.12
ITA,2009,3,7,GSA18,HKE,NK,GTR_DEF_>=16_0_0,NK,2282.58,13209.46
ITA,2009,2,6,GSA18,HKE,NK,GTR_DEF_>=16_0_0,NK,1961.25,11410.25
ITA,2009,2,5,GSA18,HKE,NK,GTR_DEF_>=16_0_0,NK,1882.69,10926.54
ITA,2009,2,4,GSA18,HKE,NK,GTR_DEF_>=16_0_0,NK,2056.43,11999.82
ITA,2009,1,3,GSA18,HKE,NK,GTR_DEF_>=16_0_0,NK,1469.4,8504.57
ITA,2009,1,2,GSA18,HKE,NK,GTR_DEF_>=16_0_0,NK,1195.19,6940.05
ITA,2009,1,1,GSA18,HKE,NK,GTR_DEF_>=16_0_0,NK,1364.91,7960.49
ITA,2009,1,3,GSA18,HKE,NK,GNS_SLP_>=16_0_0,NK,99.17,552.86
ITA,2009,4,12,GSA18,HKE,NK,GNS_DEF_>=16_0_0,NK,49.98,304.52
ITA,2009,4,11,GSA18,HKE,NK,GNS_DEF_>=16_0_0,NK,204.46,1329.72
ITA,2009,4,10,GSA18,HKE,NK,GNS_DEF_>=16_0_0,NK,852.77,5348.65
ITA,2009,3,9,GSA18,HKE,NK,GNS_DEF_>=16_0_0,NK,739.8,4087.57
ITA,2009,3,8,GSA18,HKE,NK,GNS_DEF_>=16_0_0,NK,47.06,269.88
ITA,2009,3,7,GSA18,HKE,NK,GNS_DEF_>=16_0_0,NK,987.25,4396.67
ITA,2009,2,6,GSA18,HKE,NK,GNS_DEF_>=16_0_0,NK,449.64,2445.82
ITA,2009,2,5,GSA18,HKE,NK,GNS_DEF_>=16_0_0,NK,1795.84,12631.78
ITA,2009,2,4,GSA18,HKE,NK,GNS_DEF_>=16_0_0,NK,1203.4,7030.32
ITA,2009,1,3,GSA18,HKE,NK,GNS_DEF_>=16_0_0,NK,330.15,1823.21
ITA,2009,1,2,GSA18,HKE,NK,GNS_DEF_>=16_0_0,NK,467.28,2628.18
ITA,2009,1,1,GSA18,HKE,NK,GNS_DEF_>=16_0_0,NK,512.81,3009.44
ITA,2008,3,8,GSA18,HKE,NK,LLS_DEF_0_0_0,NK,90410.34,691354.34
ITA,2008,4,12,GSA18,HKE,NK,OTB_MDD_>=40_0_0,NK,18448.35,110233.24
ITA,2008,4,11,GSA18,HKE,NK,OTB_MDD_>=40_0_0,NK,17258.08,86213
ITA,2008,4,10,GSA18,HKE,NK,OTB_MDD_>=40_0_0,NK,16994.13,94574.01
ITA,2008,3,9,GSA18,HKE,NK,OTB_MDD_>=40_0_0,NK,5177.32,34407.68
ITA,2008,3,8,GSA18,HKE,NK,OTB_MDD_>=40_0_0,NK,13026.87,89630.56
ITA,2008,3,7,GSA18,HKE,NK,OTB_MDD_>=40_0_0,NK,70147.6,435070.69
ITA,2008,2,6,GSA18,HKE,NK,OTB_MDD_>=40_0_0,NK,19606.17,122739.84
ITA,2008,2,5,GSA18,HKE,NK,OTB_MDD_>=40_0_0,NK,28224.27,184695.45
ITA,2008,2,4,GSA18,HKE,NK,OTB_MDD_>=40_0_0,NK,32534.84,174939.23
ITA,2008,1,3,GSA18,HKE,NK,OTB_MDD_>=40_0_0,NK,23784.29,161433.91
ITA,2008,1,2,GSA18,HKE,NK,OTB_MDD_>=40_0_0,NK,23408.76,163489.4
ITA,2008,1,1,GSA18,HKE,NK,OTB_MDD_>=40_0_0,NK,41933.79,303286.72
ITA,2008,4,11,GSA18,HKE,NK,OTB_DWS_>=40_0_0,NK,620.11,5887.47
ITA,2008,4,10,GSA18,HKE,NK,OTB_DWS_>=40_0_0,NK,350.27,2683.68
ITA,2008,3,8,GSA18,HKE,NK,OTB_DWS_>=40_0_0,NK,980.99,9134.4
ITA,2008,1,2,GSA18,HKE,NK,OTB_DWS_>=40_0_0,NK,811.19,6939.85
ITA,2008,4,12,GSA18,HKE,NK,OTB_DEF_>=40_0_0,NK,377768.26,2560353.93
ITA,2008,4,11,GSA18,HKE,NK,OTB_DEF_>=40_0_0,NK,349765.41,2180816.22
ITA,2008,4,10,GSA18,HKE,NK,OTB_DEF_>=40_0_0,NK,429346.65,2589639.09
ITA,2008,3,9,GSA18,HKE,NK,OTB_DEF_>=40_0_0,NK,277571.5,1724623.6
ITA,2008,1,1,GSA18,HKE,NK,GNS_DEF_>=16_0_0,NK,1417.03,8231.72
ITA,2008,3,8,GSA18,HKE,NK,OTB_DEF_>=40_0_0,NK,133109.48,1057557.52
ITA,2008,3,7,GSA18,HKE,NK,OTB_DEF_>=40_0_0,NK,244247.61,1771144.84
ITA,2008,2,6,GSA18,HKE,NK,OTB_DEF_>=40_0_0,NK,127390.12,897578.76
ITA,2008,3,9,GSA18,HKE,NK,LLS_DEF_0_0_0,NK,53968.78,407550.63
ITA,2008,2,5,GSA18,HKE,NK,OTB_DEF_>=40_0_0,NK,352848.03,2227407.61
ITA,2008,2,4,GSA18,HKE,NK,OTB_DEF_>=40_0_0,NK,285779.24,1942311.47
ITA,2008,1,3,GSA18,HKE,NK,OTB_DEF_>=40_0_0,NK,262812.32,1881897.06
ITA,2008,1,2,GSA18,HKE,NK,OTB_DEF_>=40_0_0,NK,256352.85,1766693.02
ITA,2008,1,1,GSA18,HKE,NK,OTB_DEF_>=40_0_0,NK,232543.51,1474225.82
ITA,2008,4,11,GSA18,HKE,NK,LLS_DEF_0_0_0,NK,12772.93,95315.01
ITA,2008,4,10,GSA18,HKE,NK,LLS_DEF_0_0_0,NK,52679.41,391452.4
ITA,2008,1,2,GSA18,HKE,NK,GNS_DEF_>=16_0_0,NK,689.1,3858.77
ITA,2008,1,3,GSA18,HKE,NK,GNS_DEF_>=16_0_0,NK,448.77,2541.81
ITA,2008,2,4,GSA18,HKE,NK,GNS_DEF_>=16_0_0,NK,787.62,4519.97
ITA,2008,2,5,GSA18,HKE,NK,GNS_DEF_>=16_0_0,NK,1720.07,9948.65
ITA,2008,2,6,GSA18,HKE,NK,GNS_DEF_>=16_0_0,NK,475.07,2681.04
ITA,2008,3,7,GSA18,HKE,NK,GNS_DEF_>=16_0_0,NK,1464.65,7555.28
ITA,2008,3,8,GSA18,HKE,NK,GNS_DEF_>=16_0_0,NK,2053.57,11782.55
ITA,2008,3,9,GSA18,HKE,NK,GNS_DEF_>=16_0_0,NK,1828.76,10207.96
ITA,2008,4,10,GSA18,HKE,NK,GNS_DEF_>=16_0_0,NK,2228.96,12674.12
ITA,2008,4,11,GSA18,HKE,NK,GNS_DEF_>=16_0_0,NK,1158.97,6714.82
ITA,2008,4,12,GSA18,HKE,NK,GNS_DEF_>=16_0_0,NK,995.68,5765.37
ITA,2008,1,3,GSA18,HKE,NK,GNS_SLP_>=16_0_0,NK,62.64,357.82
ITA,2008,1,1,GSA18,HKE,NK,GTR_DEF_>=16_0_0,NK,5106.93,61800.6
ITA,2008,1,2,GSA18,HKE,NK,GTR_DEF_>=16_0_0,NK,1381.3,8025.83
ITA,2008,1,3,GSA18,HKE,NK,GTR_DEF_>=16_0_0,NK,2557.69,17629.19
ITA,2008,2,4,GSA18,HKE,NK,GTR_DEF_>=16_0_0,NK,3320.29,22331.82
ITA,2008,2,5,GSA18,HKE,NK,GTR_DEF_>=16_0_0,NK,3967.47,23049.64
ITA,2008,2,6,GSA18,HKE,NK,GTR_DEF_>=16_0_0,NK,2378.73,13818.47
ITA,2008,3,7,GSA18,HKE,NK,GTR_DEF_>=16_0_0,NK,3637.09,24752.16
ITA,2008,3,8,GSA18,HKE,NK,GTR_DEF_>=16_0_0,NK,5783.45,39078.6
ITA,2008,3,9,GSA18,HKE,NK,GTR_DEF_>=16_0_0,NK,4225.13,30186.83
ITA,2008,4,10,GSA18,HKE,NK,GTR_DEF_>=16_0_0,NK,3303.58,19836.27
ITA,2008,4,11,GSA18,HKE,NK,GTR_DEF_>=16_0_0,NK,3399.7,19750.43
ITA,2008,4,12,GSA18,HKE,NK,GTR_DEF_>=16_0_0,NK,2659.77,15452.51
ITA,2008,1,1,GSA18,HKE,NK,LLS_DEF_0_0_0,NK,57201.95,451784.52
ITA,2008,1,2,GSA18,HKE,NK,LLS_DEF_0_0_0,NK,26913.35,205588.54
ITA,2008,1,3,GSA18,HKE,NK,LLS_DEF_0_0_0,NK,47170.71,374564.38
ITA,2008,2,4,GSA18,HKE,NK,LLS_DEF_0_0_0,NK,46696.79,361005.5
ITA,2008,2,5,GSA18,HKE,NK,LLS_DEF_0_0_0,NK,40511.28,289829.66
ITA,2008,2,6,GSA18,HKE,NK,LLS_DEF_0_0_0,NK,29976.84,217851.9
ITA,2008,3,7,GSA18,HKE,NK,LLS_DEF_0_0_0,NK,92826.94,744143.25